"0",""
"0","# tokenize the tweets"
"0","token_tbl = unnest_tokens(d_cut, input = ""text"", token = ""words"", to_lower = TRUE, output = ""word"")"
"0",""
"0","#relative position of the word for the sentiment analysis -> arc, also add wordcount for LIWC analysis"
"0","token_tbl = token_tbl %>% group_by(user_id) %>% mutate("
"0","  word_count = n(),"
"0","  pos = 1:n(),"
"0","  rel_pos = (pos-1)/max(pos-1)"
"0",")"
"0",""
"0","#join the sentiment values to the corpus"
"0","token_tbl <- inner_join(y = lexikey,x = token_tbl, by = c(""word"" = ""x""))"
"0",""
"0","#rename y to sent_value"
"0","token_tbl = token_tbl %>% rename(sent_value = y)"
"0",""
"0","#add percentage of affect words"
"0","token_tbl = token_tbl %>% group_by(user_id) %>% mutate("
"0","  affect = (n()/word_count)"
"0",")"
"0",""
"0","#add percentage of pos and neg words to the token_tbl"
"0","token_tbl_pos = token_tbl %>% filter(sent_value>0) %>% group_by(user_id) %>% mutate("
"0","  posemo = n()/word_count,"
"0","  negemo = 0"
"0",")"
"0","token_tbl_neg = token_tbl %>% filter(sent_value<0) %>% group_by(user_id) %>% mutate("
"0","  negemo = n()/word_count,"
"0","  posemo = 0"
"0",")"
"0",""
"0","#bind both subsets"
"0","token_tbl = rbind(token_tbl_neg, token_tbl_pos)"
"0",""
"0","#arrange by id and rel_pos"
"0","token_tbl = token_tbl %>% arrange(user_id, rel_pos)"
"0",""
"0","#overwrite zeroes"
"0","token_tbl = token_tbl %>% group_by(user_id) %>% mutate("
"0","  negemo = max(negemo),"
"0","  posemo = max(posemo)"
"0",")"
"0",""
"0",""
"0","#add posemo and negemo back to the wide data "
"0","posnegemo_wide = token_tbl %>% group_by(user_id) %>%summarise("
"0","  posemo = mean(posemo),"
"0","  negemo = mean(negemo),"
"0","  affect = mean(affect)"
"0",")"
"0","tweets2 = d_cut %>% inner_join(posnegemo_wide, by = ""user_id"")"
"0",""
"0",""
"0",""
