{"chunk_definitions":[{"row":9,"row_count":1,"visible":true,"expansion_state":0,"options":{"engine":"r","label":"setup","include":false},"document_id":"87E01B97","chunk_id":"csetup_chunk","chunk_label":"setup"},{"row":48,"row_count":1,"visible":true,"expansion_state":0,"options":{"engine":"r","echo":false,"include":false,"label":"unnamed-chunk-13"},"document_id":"87E01B97","chunk_id":"c0tvmyyqr19vz","chunk_label":"unnamed-chunk-1"},{"row":59,"row_count":1,"visible":true,"expansion_state":0,"options":{"engine":"r","echo":false,"include":false,"label":"unnamed-chunk-4"},"document_id":"87E01B97","chunk_id":"c9aoxi383dklt","chunk_label":"unnamed-chunk-2"},{"row":137,"row_count":1,"visible":true,"expansion_state":0,"options":{"engine":"r","message":false,"warning":false,"label":"unnamed-chunk-90"},"document_id":"87E01B97","chunk_id":"cfeqtsyqzkasy","chunk_label":"unnamed-chunk-4"},{"row":362,"row_count":1,"visible":true,"expansion_state":0,"options":{"engine":"r","message":false,"warning":false,"label":"unnamed-chunk-88"},"document_id":"87E01B97","chunk_id":"c0vosycn6pwds","chunk_label":"unnamed-chunk-6"}],"doc_write_time":1616144516,"chunk_rendered_width":700}