{"chunk_definitions":[{"row":9,"row_count":1,"visible":true,"expansion_state":0,"options":{"engine":"r","label":"setup","include":false},"document_id":"87E01B97","chunk_id":"csetup_chunk","chunk_label":"setup"},{"row":48,"row_count":1,"visible":true,"expansion_state":0,"options":{"engine":"r","echo":false,"include":false,"label":"unnamed-chunk-1"},"document_id":"87E01B97","chunk_id":"c0tvmyyqr19vz","chunk_label":"unnamed-chunk-2"},{"row":59,"row_count":1,"visible":true,"expansion_state":0,"options":{"engine":"r","echo":false,"include":false,"label":"unnamed-chunk-69"},"document_id":"87E01B97","chunk_id":"c9aoxi383dklt","chunk_label":""},{"row":75,"row_count":1,"visible":true,"expansion_state":0,"options":{"engine":"r","message":false,"warning":false,"label":"unnamed-chunk-3"},"document_id":"87E01B97","chunk_id":"ctqdtqepntfdr","chunk_label":"unnamed-chunk-4"},{"row":138,"row_count":1,"visible":true,"expansion_state":0,"options":{"engine":"r","message":false,"warning":false,"label":"unnamed-chunk-4"},"document_id":"87E01B97","chunk_id":"cfeqtsyqzkasy","chunk_label":"unnamed-chunk-5"},{"row":143,"row_count":1,"visible":true,"expansion_state":0,"options":{"engine":"r","message":false,"warning":false,"label":"unnamed-chunk-25"},"document_id":"A1D3A9EC","chunk_id":"c30kvg3wxsgm1","chunk_label":"unnamed-chunk-5"},{"row":147,"row_count":1,"visible":true,"expansion_state":0,"options":{"engine":"r","message":false,"warning":false,"label":"unnamed-chunk-11"},"document_id":"87E01B97","chunk_id":"crumu87snd3s4","chunk_label":"unnamed-chunk-6"},{"row":203,"row_count":1,"visible":true,"expansion_state":0,"options":{"engine":"r","message":false,"warning":false,"label":"unnamed-chunk-63"},"document_id":"87E01B97","chunk_id":"c5y3ecbsclyky","chunk_label":""},{"row":258,"row_count":1,"visible":true,"expansion_state":0,"options":{"engine":"r","message":false,"warning":false,"label":"unnamed-chunk-60"},"document_id":"87E01B97","chunk_id":"c0vosycn6pwds","chunk_label":""}],"doc_write_time":1617862739,"working_dir":null,"default_chunk_options":{"echo":true}}