{"chunk_definitions":[{"row":39,"row_count":1,"visible":true,"expansion_state":0,"options":{"engine":"r","label":"lr","include":true,"echo":true},"document_id":"2F7E92E7","chunk_id":"cdw4johgfkhnq","chunk_label":"lr"},{"row":48,"row_count":1,"visible":true,"expansion_state":0,"options":{"engine":"r","include":true,"echo":false,"label":"unnamed-chunk-1"},"document_id":"6AAF1994","chunk_id":"ce13vw0t45uts","chunk_label":"unnamed-chunk-1"},{"row":135,"row_count":1,"visible":true,"expansion_state":0,"options":{"engine":"r","label":"unnamed-chunk-2"},"document_id":"2F7E92E7","chunk_id":"csv7ljszsekb8","chunk_label":"unnamed-chunk-2"},{"row":147,"row_count":1,"visible":true,"expansion_state":0,"options":{"engine":"r","label":"unnamed-chunk-3"},"document_id":"2F7E92E7","chunk_id":"clpry3npkxyau","chunk_label":"unnamed-chunk-3"},{"row":181,"row_count":1,"visible":true,"expansion_state":0,"options":{"engine":"r","label":"unnamed-chunk-5"},"document_id":"2F7E92E7","chunk_id":"ccmqng7mokk1l","chunk_label":"unnamed-chunk-5"},{"row":198,"row_count":1,"visible":true,"expansion_state":0,"options":{"engine":"r","label":"unnamed-chunk-6"},"document_id":"2F7E92E7","chunk_id":"cpa8dkcxuaoyo","chunk_label":"unnamed-chunk-6"},{"row":253,"row_count":1,"visible":true,"expansion_state":0,"options":{"engine":"r","include":true,"echo":false,"label":"unnamed-chunk-8"},"document_id":"EC705910","chunk_id":"c4r8nscosfku9","chunk_label":"unnamed-chunk-7"},{"row":271,"row_count":1,"visible":true,"expansion_state":0,"options":{"engine":"r","message":false,"warning":false,"label":"unnamed-chunk-9"},"document_id":"2F7E92E7","chunk_id":"cnao17oru7lg0","chunk_label":"unnamed-chunk-9"},{"row":294,"row_count":1,"visible":true,"expansion_state":0,"options":{"engine":"r","message":false,"warning":false,"label":"unnamed-chunk-45"},"document_id":"2F7E92E7","chunk_id":"cnqtbud9sgwps","chunk_label":"unnamed-chunk-10"},{"row":304,"row_count":1,"visible":true,"expansion_state":0,"options":{"engine":"r","label":"unnamed-chunk-47"},"document_id":"6AAF1994","chunk_id":"c0otq31jwasys","chunk_label":"unnamed-chunk-11"},{"row":312,"row_count":1,"visible":true,"expansion_state":0,"options":{"engine":"r","label":"unnamed-chunk-48"},"document_id":"6AAF1994","chunk_id":"ca2ek6zvbrd7y","chunk_label":"unnamed-chunk-12"},{"row":325,"row_count":1,"visible":true,"expansion_state":0,"options":{"engine":"r","label":"unnamed-chunk-49"},"document_id":"6AAF1994","chunk_id":"c0ac3m7ingcs3","chunk_label":"unnamed-chunk-13"},{"row":363,"row_count":1,"visible":true,"expansion_state":0,"options":{"engine":"r","label":"unnamed-chunk-80"},"document_id":"EC705910","chunk_id":"ctfnzz33y2s93","chunk_label":"unnamed-chunk-14"},{"row":381,"row_count":1,"visible":true,"expansion_state":0,"options":{"engine":"r","label":"unnamed-chunk-81"},"document_id":"6AAF1994","chunk_id":"cwdbqrn532zyp","chunk_label":"unnamed-chunk-15"},{"row":390,"row_count":1,"visible":true,"expansion_state":0,"options":{"engine":"r","label":"unnamed-chunk-82"},"document_id":"6AAF1994","chunk_id":"ccmthwpzt3rhc","chunk_label":"unnamed-chunk-16"},{"row":409,"row_count":1,"visible":true,"expansion_state":0,"options":{"engine":"r","label":"unnamed-chunk-83"},"document_id":"6AAF1994","chunk_id":"ch2bi3zgv1j2m","chunk_label":"unnamed-chunk-17"},{"row":420,"row_count":1,"visible":true,"expansion_state":0,"options":{"engine":"r","label":"unnamed-chunk-84"},"document_id":"6AAF1994","chunk_id":"ck84hjb7axdev","chunk_label":"unnamed-chunk-18"},{"row":436,"row_count":1,"visible":true,"expansion_state":0,"options":{"engine":"r","label":"unnamed-chunk-85"},"document_id":"6AAF1994","chunk_id":"c3qhngcnm0gum","chunk_label":"unnamed-chunk-19"},{"row":451,"row_count":1,"visible":true,"expansion_state":0,"options":{"engine":"r","label":"unnamed-chunk-86"},"document_id":"6AAF1994","chunk_id":"ccxhffe7grqpb","chunk_label":"unnamed-chunk-20"},{"row":461,"row_count":1,"visible":true,"expansion_state":0,"options":{"engine":"r","label":"unnamed-chunk-87"},"document_id":"6AAF1994","chunk_id":"crmx973dtwmss","chunk_label":"unnamed-chunk-21"},{"row":527,"row_count":1,"visible":true,"expansion_state":0,"options":{"engine":"r","label":"unnamed-chunk-75"},"document_id":"6AAF1994","chunk_id":"chl0deboddjxb","chunk_label":"unnamed-chunk-22"},{"row":563,"row_count":1,"visible":true,"expansion_state":0,"options":{"engine":"r","label":"unnamed-chunk-23"},"document_id":"6AAF1994","chunk_id":"cizg9m2757fu1","chunk_label":"unnamed-chunk-23"},{"row":594,"row_count":1,"visible":true,"expansion_state":0,"options":{"engine":"r","label":"unnamed-chunk-24"},"document_id":"6AAF1994","chunk_id":"cmwgvrzw0176t","chunk_label":"unnamed-chunk-24"},{"row":622,"row_count":1,"visible":true,"expansion_state":0,"options":{"engine":"r","label":"unnamed-chunk-27"},"document_id":"6AAF1994","chunk_id":"cbwckzm8etsvc","chunk_label":"unnamed-chunk-25"}],"doc_write_time":1621237183}