{"chunk_definitions":[{"row":9,"row_count":1,"visible":true,"expansion_state":0,"options":{"engine":"r","label":"setup","include":false},"document_id":"87E01B97","chunk_id":"csetup_chunk","chunk_label":"setup"},{"row":43,"row_count":1,"visible":true,"expansion_state":0,"options":{"engine":"r","echo":false,"include":false,"label":"unnamed-chunk-2"},"document_id":"87E01B97","chunk_id":"c0tvmyyqr19vz","chunk_label":"unnamed-chunk-1"},{"row":54,"row_count":1,"visible":true,"expansion_state":0,"options":{"engine":"r","echo":false,"include":false,"label":"unnamed-chunk-6"},"document_id":"87E01B97","chunk_id":"c9aoxi383dklt","chunk_label":"unnamed-chunk-2"},{"row":131,"row_count":1,"visible":true,"expansion_state":0,"options":{"engine":"r","message":false,"warning":false,"label":"unnamed-chunk-70"},"document_id":"87E01B97","chunk_id":"cawt07e9yltil","chunk_label":"unnamed-chunk-3"},{"row":307,"row_count":1,"visible":true,"expansion_state":0,"options":{"engine":"r","message":false,"warning":false,"label":"unnamed-chunk-88"},"document_id":"87E01B97","chunk_id":"c0vosycn6pwds","chunk_label":"unnamed-chunk-4"}],"doc_write_time":1616075276,"working_dir":null,"default_chunk_options":{"echo":true}}